name, id_name, id, data_value, image_path
Acacia Door, minecraft:acacia_door, 430, 0, ./mcImages/acacia_door acacia_door.png
Acacia Fence, minecraft:acacia_fence, 192, 0, ./mcImages/acacia_fence acacia_fence.png
Acacia Fence Gate, minecraft:acacia_fence_gate, 187, 0, ./mcImages/acacia_fence_gate acacia_fence_gate.png
Acacia Wood Stairs, minecraft:acacia_stairs, 163, 0, ./mcImages/acacia_stairs acacia_wood_stairs.png
Activator Rails, minecraft:activator_rail, 157, 0, ./mcImages/activator_rail activator_rails.png
Air, minecraft:air, 0, 0, ./mcImages/air air.png
Anvil, minecraft:anvil, 145, 0, ./mcImages/anvil anvil.png
Slightly Damaged Anvil, minecraft:anvil, 145, 1, ./mcImages/anvil slightly_damaged_anvil.png
Very Damaged Anvil, minecraft:anvil, 145, 2, ./mcImages/anvil very_damaged_anvil.png
Apple, minecraft:apple, 260, 0, ./mcImages/apple apple.png
Armor Stand, minecraft:armor_stand, 416, 0, ./mcImages/armor_stand armor_stand.png
Arrow, minecraft:arrow, 262, 0, ./mcImages/arrow arrow.png
Baked Potato, minecraft:baked_potato, 393, 0, ./mcImages/baked_potato baked_potato.png
Black Banner, minecraft:banner, 425, 0, ./mcImages/banner black_banner.png
Red Banner, minecraft:banner, 425, 1, ./mcImages/banner red_banner.png
Green Banner, minecraft:banner, 425, 2, ./mcImages/banner green_banner.png
Brown Banner, minecraft:banner, 425, 3, ./mcImages/banner brown_banner.png
Blue Banner, minecraft:banner, 425, 4, ./mcImages/banner blue_banner.png
Purple Banner, minecraft:banner, 425, 5, ./mcImages/banner purple_banner.png
Cyan Banner, minecraft:banner, 425, 6, ./mcImages/banner cyan_banner.png
Light Gray Banner, minecraft:banner, 425, 7, ./mcImages/banner light_gray_banner.png
Gray Banner, minecraft:banner, 425, 8, ./mcImages/banner gray_banner.png
Pink Banner, minecraft:banner, 425, 9, ./mcImages/banner pink_banner.png
Lime Banner, minecraft:banner, 425, 10, ./mcImages/banner lime_banner.png
Yellow Banner, minecraft:banner, 425, 11, ./mcImages/banner yellow_banner.png
Light Blue Banner, minecraft:banner, 425, 12, ./mcImages/banner light_blue_banner.png
Magenta Banner, minecraft:banner, 425, 13, ./mcImages/banner magenta_banner.png
Orange Banner, minecraft:banner, 425, 14, ./mcImages/banner orange_banner.png
White Banner, minecraft:banner, 425, 15, ./mcImages/banner white_banner.png
Barrier, minecraft:barrier, 166, 0, ./mcImages/barrier barrier.png
Beacon, minecraft:beacon, 138, 0, ./mcImages/beacon beacon.png
Red Bed, minecraft:bed, 355, 0, ./mcImages/bed bed.png
Bedrock, minecraft:bedrock, 7, 0, ./mcImages/bedrock bedrock.png
Raw Beef, minecraft:beef, 363, 0, ./mcImages/beef raw_beef.png
Birch Door, minecraft:birch_door, 428, 0, ./mcImages/birch_door birch_door.png
Birch Fence, minecraft:birch_fence, 189, 0, ./mcImages/birch_fence birch_fence.png
Birch Fence Gate, minecraft:birch_fence_gate, 184, 0, ./mcImages/birch_fence_gate birch_fence_gate.png
Birch Wood Stairs, minecraft:birch_stairs, 135, 0, ./mcImages/birch_stairs birch_wood_stairs.png
Blaze Powder, minecraft:blaze_powder, 377, 0, ./mcImages/blaze_powder blaze_powder.png
Blaze Rod, minecraft:blaze_rod, 369, 0, ./mcImages/blaze_rod blaze_rod.png
Oak Boat, minecraft:boat, 333, 0, ./mcImages/boat boat.png
Bone, minecraft:bone, 352, 0, ./mcImages/bone bone.png
Book, minecraft:book, 340, 0, ./mcImages/book book.png
Bookshelf, minecraft:bookshelf, 47, 0, ./mcImages/bookshelf bookshelf.png
Bow, minecraft:bow, 261, 0, ./mcImages/bow bow.png
Bowl, minecraft:bowl, 281, 0, ./mcImages/bowl bowl.png
Bread, minecraft:bread, 297, 0, ./mcImages/bread bread.png
Brewing Stand, minecraft:brewing_stand, 379, 0, ./mcImages/brewing_stand brewing_stand.png
Brick, minecraft:brick, 336, 0, ./mcImages/brick brick.png
Bricks, minecraft:brick_block, 45, 0, ./mcImages/brick_block bricks.png
Brick Stairs, minecraft:brick_stairs, 108, 0, ./mcImages/brick_stairs brick_stairs.png
Mushroom (brown), minecraft:brown_mushroom, 39, 0, ./mcImages/brown_mushroom mushroom_brown.png
Brown Mushroom Block, minecraft:brown_mushroom_block, 99, 0, ./mcImages/brown_mushroom_block brown_mushroom_block.png
Bucket, minecraft:bucket, 325, 0, ./mcImages/bucket bucket.png
Cactus, minecraft:cactus, 81, 0, ./mcImages/cactus cactus.png
Cake, minecraft:cake, 354, 0, ./mcImages/cake cake.png
White Carpet, minecraft:carpet, 171, 0, ./mcImages/carpet carpet.png
Orange Carpet, minecraft:carpet, 171, 1, ./mcImages/carpet orange_carpet.png
Magenta Carpet, minecraft:carpet, 171, 2, ./mcImages/carpet magenta_carpet.png
Light Blue Carpet, minecraft:carpet, 171, 3, ./mcImages/carpet light_blue_carpet.png
Yellow Carpet, minecraft:carpet, 171, 4, ./mcImages/carpet yellow_carpet.png
Lime Carpet, minecraft:carpet, 171, 5, ./mcImages/carpet lime_carpet.png
Pink Carpet, minecraft:carpet, 171, 6, ./mcImages/carpet pink_carpet.png
Gray Carpet, minecraft:carpet, 171, 7, ./mcImages/carpet gray_carpet.png
Light Gray Carpet, minecraft:carpet, 171, 8, ./mcImages/carpet light_gray_carpet.png
Cyan Carpet, minecraft:carpet, 171, 9, ./mcImages/carpet cyan_carpet.png
Purple Carpet, minecraft:carpet, 171, 10, ./mcImages/carpet purple_carpet.png
Blue Carpet, minecraft:carpet, 171, 11, ./mcImages/carpet blue_carpet.png
Brown Carpet, minecraft:carpet, 171, 12, ./mcImages/carpet brown_carpet.png
Green Carpet, minecraft:carpet, 171, 13, ./mcImages/carpet green_carpet.png
Red Carpet, minecraft:carpet, 171, 14, ./mcImages/carpet red_carpet.png
Black Carpet, minecraft:carpet, 171, 15, ./mcImages/carpet black_carpet.png
Carrot, minecraft:carrot, 391, 0, ./mcImages/carrot carrot.png
Carrot on a Stick, minecraft:carrot_on_a_stick, 398, 0, ./mcImages/carrot_on_a_stick carrot_stick.png
Cauldron, minecraft:cauldron, 380, 0, ./mcImages/cauldron cauldron.png
Chain Boots, minecraft:chainmail_boots, 305, 0, ./mcImages/chainmail_boots chain_boots.png
Chain Chestplate, minecraft:chainmail_chestplate, 303, 0, ./mcImages/chainmail_chestplate chain_chestplate.png
Chain Helmet, minecraft:chainmail_helmet, 302, 0, ./mcImages/chainmail_helmet chain_helmet.png
Chain Leggings, minecraft:chainmail_leggings, 304, 0, ./mcImages/chainmail_leggings chain_leggings.png
Chest, minecraft:chest, 54, 0, ./mcImages/chest chest.png
Minecart with Chest, minecraft:chest_minecart, 342, 0, ./mcImages/chest_minecart minecart_with_chest.png
Raw Chicken, minecraft:chicken, 365, 0, ./mcImages/chicken raw_chicken.png
Clay Block, minecraft:clay, 82, 0, ./mcImages/clay clay_block.png
Clay, minecraft:clay_ball, 337, 0, ./mcImages/clay_ball clay.png
Clock, minecraft:clock, 347, 0, ./mcImages/clock clock.png
Coal, minecraft:coal, 263, 0, ./mcImages/coal coal.png
Charcoal, minecraft:coal, 263, 1, ./mcImages/coal charcoal.png
Coal Block, minecraft:coal_block, 173, 0, ./mcImages/coal_block coal_block.png
Coal Ore, minecraft:coal_ore, 16, 0, ./mcImages/coal_ore coal_ore.png
Cobblestone, minecraft:cobblestone, 4, 0, ./mcImages/cobblestone cobblestone.png
Cobblestone Wall, minecraft:cobblestone_wall, 139, 0, ./mcImages/cobblestone_wall cobblestone_wall.png
Mossy Cobblestone Wall, minecraft:cobblestone_wall, 139, 1, ./mcImages/cobblestone_wall mossy_cobblestone_wall.png
Command Block, minecraft:command_block, 137, 0, ./mcImages/command_block command_block.png
Minecart with Command Block, minecraft:command_block_minecart, 422, 0, ./mcImages/command_block_minecart minecart_with_command_block.png
Redstone Comparator, minecraft:comparator, 404, 0, ./mcImages/comparator redstone_comparator.png
Compass, minecraft:compass, 345, 0, ./mcImages/compass compass.png
Steak, minecraft:cooked_beef, 364, 0, ./mcImages/cooked_beef steak.png
Cooked Chicken, minecraft:cooked_chicken, 366, 0, ./mcImages/cooked_chicken cooked_chicken.png
Cooked Fish, minecraft:cooked_fish, 350, 0, ./mcImages/cooked_fish cooked_fish.png
Cooked Salmon, minecraft:cooked_fish, 350, 1, ./mcImages/cooked_fish cooked_salmon.png
Cooked Mutton, minecraft:cooked_mutton, 424, 0, ./mcImages/cooked_mutton cooked_mutton.png
Cooked Porkchop, minecraft:cooked_porkchop, 320, 0, ./mcImages/cooked_porkchop cooked_porkchop.png
Cooked Rabbit, minecraft:cooked_rabbit, 412, 0, ./mcImages/cooked_rabbit cooked_rabbit.png
Cookie, minecraft:cookie, 357, 0, ./mcImages/cookie cookie.png
Crafting Table, minecraft:crafting_table, 58, 0, ./mcImages/crafting_table crafting_table.png
Dark Oak Door, minecraft:dark_oak_door, 431, 0, ./mcImages/dark_oak_door dark_oak_door.png
Dark Oak Fence, minecraft:dark_oak_fence, 191, 0, ./mcImages/dark_oak_fence dark_oak_fence.png
Dark Oak Fence Gate, minecraft:dark_oak_fence_gate, 186, 0, ./mcImages/dark_oak_fence_gate dark_oak_fence_gate.png
Dark Oak Wood Stairs, minecraft:dark_oak_stairs, 164, 0, ./mcImages/dark_oak_stairs dark_oak_wood_stairs.png
Daylight Sensor, minecraft:daylight_detector, 151, 0, ./mcImages/daylight_detector daylight_sensor.png
Dead Bush, minecraft:deadbush, 32, 0, ./mcImages/deadbush dead_bush.png
Detector Rails, minecraft:detector_rail, 28, 0, ./mcImages/detector_rail detector_rails.png
Diamond, minecraft:diamond, 264, 0, ./mcImages/diamond diamond.png
Diamond Axe, minecraft:diamond_axe, 279, 0, ./mcImages/diamond_axe diamond_axe.png
Block of Diamond, minecraft:diamond_block, 57, 0, ./mcImages/diamond_block diamond_block.png
Diamond Boots, minecraft:diamond_boots, 313, 0, ./mcImages/diamond_boots diamond_boots.png
Diamond Chestplate, minecraft:diamond_chestplate, 311, 0, ./mcImages/diamond_chestplate diamond_chestplate.png
Diamond Helmet, minecraft:diamond_helmet, 310, 0, ./mcImages/diamond_helmet diamond_helmet.png
Diamond Hoe, minecraft:diamond_hoe, 293, 0, ./mcImages/diamond_hoe diamond_hoe.png
Diamond Horse Armor, minecraft:diamond_horse_armor, 419, 0, ./mcImages/diamond_horse_armor diamond_horse_armor.png
Diamond Leggings, minecraft:diamond_leggings, 312, 0, ./mcImages/diamond_leggings diamond_leggings.png
Diamond Ore, minecraft:diamond_ore, 56, 0, ./mcImages/diamond_ore diamond_ore.png
Diamond Pickaxe, minecraft:diamond_pickaxe, 278, 0, ./mcImages/diamond_pickaxe diamond_pickaxe.png
Diamond Shovel, minecraft:diamond_shovel, 277, 0, ./mcImages/diamond_shovel diamond_shovel.png
Diamond Sword, minecraft:diamond_sword, 276, 0, ./mcImages/diamond_sword diamond_sword.png
Dirt, minecraft:dirt, 3, 0, ./mcImages/dirt dirt.png
Coarse Dirt, minecraft:dirt, 3, 1, ./mcImages/dirt coarse_dirt.png
Podzol, minecraft:dirt, 3, 2, ./mcImages/dirt podzol.png
Dispenser, minecraft:dispenser, 23, 0, ./mcImages/dispenser dispenser.png
Sunflower, minecraft:double_plant, 175, 0, ./mcImages/double_plant sunflower.png
Lilac, minecraft:double_plant, 175, 1, ./mcImages/double_plant lilac.png
Double Tallgrass, minecraft:double_plant, 175, 2, ./mcImages/double_plant double_tallgrass.png
Large Fern, minecraft:double_plant, 175, 3, ./mcImages/double_plant large_fern.png
Rose Bush, minecraft:double_plant, 175, 4, ./mcImages/double_plant rose_bush.png
Peony, minecraft:double_plant, 175, 5, ./mcImages/double_plant peony.png
Dragon Egg, minecraft:dragon_egg, 122, 0, ./mcImages/dragon_egg dragon_egg.png
Dropper, minecraft:dropper, 158, 0, ./mcImages/dropper dropper.png
Ink Sac, minecraft:dye, 351, 0, ./mcImages/dye ink_sac.png
Red Dye, minecraft:dye, 351, 1, ./mcImages/dye rose_red.png
Green Dye, minecraft:dye, 351, 2, ./mcImages/dye cactus_green.png
Cocoa Beans, minecraft:dye, 351, 3, ./mcImages/dye cocoa_beans.png
Lapis Lazuli, minecraft:dye, 351, 4, ./mcImages/dye lapis_lazuli.png
Purple Dye, minecraft:dye, 351, 5, ./mcImages/dye purple_dye.png
Cyan Dye, minecraft:dye, 351, 6, ./mcImages/dye cyan_dye.png
Light Gray Dye, minecraft:dye, 351, 7, ./mcImages/dye light_gray_dye.png
Gray Dye, minecraft:dye, 351, 8, ./mcImages/dye gray_dye.png
Pink Dye, minecraft:dye, 351, 9, ./mcImages/dye pink_dye.png
Lime Dye, minecraft:dye, 351, 10, ./mcImages/dye lime_dye.png
Yellow Dye, minecraft:dye, 351, 11, ./mcImages/dye dandelion_yellow.png
Light Blue Dye, minecraft:dye, 351, 12, ./mcImages/dye light_blue_dye.png
Magenta Dye, minecraft:dye, 351, 13, ./mcImages/dye magenta_dye.png
Orange Dye, minecraft:dye, 351, 14, ./mcImages/dye orange_dye.png
Bone Meal, minecraft:dye, 351, 15, ./mcImages/dye bone_meal.png
Egg, minecraft:egg, 344, 0, ./mcImages/egg egg.png
Emerald, minecraft:emerald, 388, 0, ./mcImages/emerald emerald.png
Block of Emerald, minecraft:emerald_block, 133, 0, ./mcImages/emerald_block emerald_block.png
Emerald Ore, minecraft:emerald_ore, 129, 0, ./mcImages/emerald_ore emerald_ore.png
Enchanted Book, minecraft:enchanted_book, 403, 0, ./mcImages/enchanted_book enchanted_book.png
Enchanting Table, minecraft:enchanting_table, 116, 0, ./mcImages/enchanting_table enchantment_table.png
End Portal Frame, minecraft:end_portal_frame, 120, 0, ./mcImages/end_portal_frame end_portal.png
End Stone, minecraft:end_stone, 121, 0, ./mcImages/end_stone end_stone.png
Ender Chest, minecraft:ender_chest, 130, 0, ./mcImages/ender_chest ender_chest.png
Eye of Ender, minecraft:ender_eye, 381, 0, ./mcImages/ender_eye eye_ender.png
Ender Pearl, minecraft:ender_pearl, 368, 0, ./mcImages/ender_pearl ender_pearl.png
Bottle o'Enchanting, minecraft:experience_bottle, 384, 0, ./mcImages/experience_bottle bottle_o_enchanting.png
Farmland, minecraft:farmland, 60, 0, ./mcImages/farmland farmland.png
Feather, minecraft:feather, 288, 0, ./mcImages/feather feather.png
Oak Fence, minecraft:fence, 85, 0, ./mcImages/fence oak_fence.png
Oak Fence Gate, minecraft:fence_gate, 107, 0, ./mcImages/fence_gate oak_fence_gate.png
Fermented Spider Eye, minecraft:fermented_spider_eye, 376, 0, ./mcImages/fermented_spider_eye fermented_spider_eye.png
Map (Filled), minecraft:filled_map, 358, 0, ./mcImages/filled_map map_filled.png
Fire Charge, minecraft:fire_charge, 385, 0, ./mcImages/fire_charge fire_charge.png
Firework Star, minecraft:firework_charge, 402, 0, ./mcImages/firework_charge firework_star.png
Firework Rocket, minecraft:fireworks, 401, 0, ./mcImages/fireworks firework_rocket.png
Raw Fish, minecraft:fish, 349, 0, ./mcImages/fish raw_fish.png
Raw Salmon, minecraft:fish, 349, 1, ./mcImages/fish raw_salmon.png
Tropical Fish (Clownfish), minecraft:fish, 349, 2, ./mcImages/fish clownfish.png
Pufferfish, minecraft:fish, 349, 3, ./mcImages/fish pufferfish.png
Fishing Rod, minecraft:fishing_rod, 346, 0, ./mcImages/fishing_rod fishing_rod.png
Flint, minecraft:flint, 318, 0, ./mcImages/flint flint.png
Flint and Steel, minecraft:flint_and_steel, 259, 0, ./mcImages/flint_and_steel flint_and_steel.png
Flower Pot, minecraft:flower_pot, 390, 0, ./mcImages/flower_pot flower_pot.png
Furnace, minecraft:furnace, 61, 0, ./mcImages/furnace furnace.png
Minecart with Furnace, minecraft:furnace_minecart, 343, 0, ./mcImages/furnace_minecart minecart_with_furnace.png
Ghast Tear, minecraft:ghast_tear, 370, 0, ./mcImages/ghast_tear ghast_tear.png
Glass, minecraft:glass, 20, 0, ./mcImages/glass glass.png
Glass Bottle, minecraft:glass_bottle, 374, 0, ./mcImages/glass_bottle glass_bottle.png
Glass Pane, minecraft:glass_pane, 102, 0, ./mcImages/glass_pane glass_pane.png
Glowstone, minecraft:glowstone, 89, 0, ./mcImages/glowstone glowstone.png
Glowstone Dust, minecraft:glowstone_dust, 348, 0, ./mcImages/glowstone_dust glowstone_dust.png
Block of Gold, minecraft:gold_block, 41, 0, ./mcImages/gold_block gold_block.png
Gold Ingot, minecraft:gold_ingot, 266, 0, ./mcImages/gold_ingot gold_ingot.png
Gold Nugget, minecraft:gold_nugget, 371, 0, ./mcImages/gold_nugget gold_nugget.png
Gold Ore, minecraft:gold_ore, 14, 0, ./mcImages/gold_ore gold_ore.png
Golden Apple, minecraft:golden_apple, 322, 0, ./mcImages/golden_apple golden_apple.png
Enchanted Golden Apple, minecraft:golden_apple, 322, 1, ./mcImages/golden_apple golden_apple2.png
Golden Axe, minecraft:golden_axe, 286, 0, ./mcImages/golden_axe golden_axe.png
Golden Boots, minecraft:golden_boots, 317, 0, ./mcImages/golden_boots golden_boots.png
Golden Carrot, minecraft:golden_carrot, 396, 0, ./mcImages/golden_carrot golden_carrot.png
Golden Chestplate, minecraft:golden_chestplate, 315, 0, ./mcImages/golden_chestplate golden_chestplate.png
Golden Helmet, minecraft:golden_helmet, 314, 0, ./mcImages/golden_helmet golden_helmet.png
Golden Hoe, minecraft:golden_hoe, 294, 0, ./mcImages/golden_hoe golden_hoe.png
Gold Horse Armor, minecraft:golden_horse_armor, 418, 0, ./mcImages/golden_horse_armor golden_horse_armor.png
Golden Leggings, minecraft:golden_leggings, 316, 0, ./mcImages/golden_leggings golden_leggings.png
Golden Pickaxe, minecraft:golden_pickaxe, 285, 0, ./mcImages/golden_pickaxe golden_pickaxe.png
Powered Rails, minecraft:golden_rail, 27, 0, ./mcImages/golden_rail powered_rails.png
Golden Shovel, minecraft:golden_shovel, 284, 0, ./mcImages/golden_shovel golden_shovel.png
Golden Sword, minecraft:golden_sword, 283, 0, ./mcImages/golden_sword golden_sword.png
Grass Block, minecraft:grass, 2, 0, ./mcImages/grass grass_block.png
Gravel, minecraft:gravel, 13, 0, ./mcImages/gravel gravel.png
Gunpowder, minecraft:gunpowder, 289, 0, ./mcImages/gunpowder gunpowder.png
Terracotta, minecraft:hardened_clay, 172, 0, ./mcImages/hardened_clay hardened_clay.png
Hay Bale, minecraft:hay_block, 170, 0, ./mcImages/hay_block hay_bale.png
Heavy Weighted Pressure Plate, minecraft:heavy_weighted_pressure_plate, 148, 0, ./mcImages/heavy_weighted_pressure_plate heavy_weighted_pressure_plate.png
Hopper, minecraft:hopper, 154, 0, ./mcImages/hopper hopper.png
Minecart with Hopper, minecraft:hopper_minecart, 408, 0, ./mcImages/hopper_minecart minecart_with_hopper.png
Ice, minecraft:ice, 79, 0, ./mcImages/ice ice.png
Iron Axe, minecraft:iron_axe, 258, 0, ./mcImages/iron_axe iron_axe.png
Iron Bars, minecraft:iron_bars, 101, 0, ./mcImages/iron_bars iron_bars.png
Block of Iron, minecraft:iron_block, 42, 0, ./mcImages/iron_block iron_block.png
Iron Boots, minecraft:iron_boots, 309, 0, ./mcImages/iron_boots iron_boots.png
Iron Chestplate, minecraft:iron_chestplate, 307, 0, ./mcImages/iron_chestplate iron_chestplate.png
Iron Door, minecraft:iron_door, 330, 0, ./mcImages/iron_door iron_door.png
Iron Helmet, minecraft:iron_helmet, 306, 0, ./mcImages/iron_helmet iron_helmet.png
Iron Hoe, minecraft:iron_hoe, 292, 0, ./mcImages/iron_hoe iron_hoe.png
Iron Horse Armor, minecraft:iron_horse_armor, 417, 0, ./mcImages/iron_horse_armor iron_horse_armor.png
Iron Ingot, minecraft:iron_ingot, 265, 0, ./mcImages/iron_ingot iron_ingot.png
Iron Leggings, minecraft:iron_leggings, 308, 0, ./mcImages/iron_leggings iron_leggings.png
Iron Ore, minecraft:iron_ore, 15, 0, ./mcImages/iron_ore iron_ore.png
Iron Pickaxe, minecraft:iron_pickaxe, 257, 0, ./mcImages/iron_pickaxe iron_pickaxe.png
Iron Shovel, minecraft:iron_shovel, 256, 0, ./mcImages/iron_shovel iron_shovel.png
Iron Sword, minecraft:iron_sword, 267, 0, ./mcImages/iron_sword iron_sword.png
Iron Trapdoor, minecraft:iron_trapdoor, 167, 0, ./mcImages/iron_trapdoor iron_trapdoor.png
Item Frame, minecraft:item_frame, 389, 0, ./mcImages/item_frame item_frame.png
Jukebox, minecraft:jukebox, 84, 0, ./mcImages/jukebox jukebox.png
Jungle Door, minecraft:jungle_door, 429, 0, ./mcImages/jungle_door jungle_door.png
Jungle Fence, minecraft:jungle_fence, 190, 0, ./mcImages/jungle_fence jungle_fence.png
Jungle Fence Gate, minecraft:jungle_fence_gate, 185, 0, ./mcImages/jungle_fence_gate jungle_fence_gate.png
Jungle Wood Stairs, minecraft:jungle_stairs, 136, 0, ./mcImages/jungle_stairs jungle_wood_stairs.png
Ladder, minecraft:ladder, 65, 0, ./mcImages/ladder ladder.png
Lapis Lazuli Block, minecraft:lapis_block, 22, 0, ./mcImages/lapis_block lapis_lazuli_block.png
Lapis Lazuli Ore, minecraft:lapis_ore, 21, 0, ./mcImages/lapis_ore lapis_lazuli_ore.png
Lava Bucket, minecraft:lava_bucket, 327, 0, ./mcImages/lava_bucket lava_bucket.png
Lead, minecraft:lead, 420, 0, ./mcImages/lead lead.png
Leather, minecraft:leather, 334, 0, ./mcImages/leather leather.png
Leather Boots, minecraft:leather_boots, 301, 0, ./mcImages/leather_boots leather_boots.png
Leather Tunic, minecraft:leather_chestplate, 299, 0, ./mcImages/leather_chestplate leather_tunic.png
Leather Cap, minecraft:leather_helmet, 298, 0, ./mcImages/leather_helmet leather_cap.png
Leather Pants, minecraft:leather_leggings, 300, 0, ./mcImages/leather_leggings leather_leggings.png
Oak Leaves, minecraft:leaves, 18, 0, ./mcImages/leaves oak_leaves.png
Spruce Leaves, minecraft:leaves, 18, 1, ./mcImages/leaves spruce_leaves.png
Birch Leaves, minecraft:leaves, 18, 2, ./mcImages/leaves birch_leaves.png
Jungle Leaves, minecraft:leaves, 18, 3, ./mcImages/leaves jungle_leaves.png
Acacia Leaves, minecraft:leaves2, 161, 0, ./mcImages/leaves2 acacia_leaves.png
Dark Oak Leaves, minecraft:leaves2, 161, 1, ./mcImages/leaves2 dark_oak_leaves.png
Lever, minecraft:lever, 69, 0, ./mcImages/lever lever.png
Light Weighted Pressure Plate, minecraft:light_weighted_pressure_plate, 147, 0, ./mcImages/light_weighted_pressure_plate light_weighted_pressure_plate.png
Jack o'Lantern, minecraft:lit_pumpkin, 91, 0, ./mcImages/lit_pumpkin jack_o_lantern.png
Oak Log, minecraft:log, 17, 0, ./mcImages/log oak_wood.png
Spruce Log, minecraft:log, 17, 1, ./mcImages/log spruce_wood.png
Birch Log, minecraft:log, 17, 2, ./mcImages/log birch_wood.png
Jungle Log, minecraft:log, 17, 3, ./mcImages/log jungle_wood.png
Acacia Log, minecraft:log2, 162, 0, ./mcImages/log2 acacia_wood.png
Dark Oak Log, minecraft:log2, 162, 1, ./mcImages/log2 dark_oak_wood.png
Magma Cream, minecraft:magma_cream, 378, 0, ./mcImages/magma_cream magma_cream.png
Map, minecraft:map, 395, 0, ./mcImages/map map.png
Melon Slice, minecraft:melon, 360, 0, ./mcImages/melon melon.png
Block of Melon, minecraft:melon_block, 103, 0, ./mcImages/melon_block melon.png
Melon Seeds, minecraft:melon_seeds, 362, 0, ./mcImages/melon_seeds melon_seeds.png
Milk, minecraft:milk_bucket, 335, 0, ./mcImages/milk_bucket milk.png
Minecart, minecraft:minecart, 328, 0, ./mcImages/minecart minecart.png
Monster Spawner, minecraft:mob_spawner, 52, 0, ./mcImages/mob_spawner mob_spawner.png
Infested Stone, minecraft:monster_egg, 97, 0, ./mcImages/monster_egg stone_monster_egg.png
Infested Cobblestone, minecraft:monster_egg, 97, 1, ./mcImages/monster_egg cobblestone_monster_egg.png
Infested Stone Bricks, minecraft:monster_egg, 97, 2, ./mcImages/monster_egg stone_brick_monster_egg.png
Infested Mossy Stone Bricks, minecraft:monster_egg, 97, 3, ./mcImages/monster_egg mossy_stone_brick_monster_egg.png
Infested Cracked Stone Bricks, minecraft:monster_egg, 97, 4, ./mcImages/monster_egg cracked_stone_brick_monster_egg.png
Infested Chiseled Stone Bricks, minecraft:monster_egg, 97, 5, ./mcImages/monster_egg chiseled_stone_brick_monster_egg.png
Mossy Cobblestone, minecraft:mossy_cobblestone, 48, 0, ./mcImages/mossy_cobblestone moss_stone.png
Mushroom Stew, minecraft:mushroom_stew, 282, 0, ./mcImages/mushroom_stew mushroom_stew.png
Raw Mutton, minecraft:mutton, 423, 0, ./mcImages/mutton raw_mutton.png
Mycelium, minecraft:mycelium, 110, 0, ./mcImages/mycelium mycelium.png
Name Tag, minecraft:name_tag, 421, 0, ./mcImages/name_tag name_tag.png
Block of Nether Bricks, minecraft:nether_brick, 112, 0, ./mcImages/nether_brick nether_brick.png
Nether Brick Fence, minecraft:nether_brick_fence, 113, 0, ./mcImages/nether_brick_fence nether_brick_fence.png
Nether Brick Stairs, minecraft:nether_brick_stairs, 114, 0, ./mcImages/nether_brick_stairs nether_brick_stairs.png
Nether Star, minecraft:nether_star, 399, 0, ./mcImages/nether_star nether_star.png
Nether Wart, minecraft:nether_wart, 372, 0, ./mcImages/nether_wart nether_wart.png
Nether Brick, minecraft:netherbrick, 405, 0, ./mcImages/netherbrick nether_brick.png
Netherrack, minecraft:netherrack, 87, 0, ./mcImages/netherrack netherrack.png
Note Block, minecraft:noteblock, 25, 0, ./mcImages/noteblock note_block.png
Oak Wood Stairs, minecraft:oak_stairs, 53, 0, ./mcImages/oak_stairs oak_wood_stairs.png
Obsidian, minecraft:obsidian, 49, 0, ./mcImages/obsidian obsidian.png
Packed Ice, minecraft:packed_ice, 174, 0, ./mcImages/packed_ice packed_ice.png
Painting, minecraft:painting, 321, 0, ./mcImages/painting painting.png
Paper, minecraft:paper, 339, 0, ./mcImages/paper paper.png
Piston, minecraft:piston, 33, 0, ./mcImages/piston piston.png
Oak Planks, minecraft:planks, 5, 0, ./mcImages/planks oak_wood_plank.png
Spruce Planks, minecraft:planks, 5, 1, ./mcImages/planks spruce_wood_plank.png
Birch Planks, minecraft:planks, 5, 2, ./mcImages/planks birch_wood_plank.png
Jungle Planks, minecraft:planks, 5, 3, ./mcImages/planks jungle_wood_plank.png
Acacia Planks, minecraft:planks, 5, 4, ./mcImages/planks acacia_wood_plank.png
Dark Oak Planks, minecraft:planks, 5, 5, ./mcImages/planks dark_oak_wood_plank.png
Poisonous Potato, minecraft:poisonous_potato, 394, 0, ./mcImages/poisonous_potato poisonous_potato.png
Raw Porkchop, minecraft:porkchop, 319, 0, ./mcImages/porkchop raw_porkchop.png
Potato, minecraft:potato, 392, 0, ./mcImages/potato potato.png
Water Bottle, minecraft:potion, 373, 0, ./mcImages/potion water_bottle.png
Potion of Regeneration (0:45), minecraft:potion, 373, 8193, ./mcImages/potion potion_regeneration.png
Potion of Swiftness (3:00 - Speed), minecraft:potion, 373, 8194, ./mcImages/potion potion_swiftness.png
Potion of Poison (0:45), minecraft:potion, 373, 8196, ./mcImages/potion potion_poison.png
Potion of Strength (3:00), minecraft:potion, 373, 8201, ./mcImages/potion potion_strength.png
Potion of Leaping (3:00 - Jump Boost), minecraft:potion, 373, 8203, ./mcImages/potion potion_leaping.png
Potion of Regeneration (0:22 - Regeneration II), minecraft:potion, 373, 8225, ./mcImages/potion potion_regeneration.png
Potion of Swiftness (1:30 - Speed II), minecraft:potion, 373, 8226, ./mcImages/potion potion_swiftness.png
Potion of Fire Resistance (3:00), minecraft:potion, 373, 8227, ./mcImages/potion potion_fire_resistance.png
Potion of Poison (0:22 - Poison II), minecraft:potion, 373, 8228, ./mcImages/potion potion_poison.png
Potion of Healing (Instant Health II), minecraft:potion, 373, 8229, ./mcImages/potion potion_healing.png
Potion of Night Vision (3:00), minecraft:potion, 373, 8230, ./mcImages/potion potion_night_vision.png
Potion of Weakness (1:30), minecraft:potion, 373, 8232, ./mcImages/potion potion_weakness.png
Potion of Strength (1:30 - Strength II), minecraft:potion, 373, 8233, ./mcImages/potion potion_strength.png
Potion of Slowness (1:30), minecraft:potion, 373, 8234, ./mcImages/potion potion_slowness.png
Potion of Leaping (1:30 - Jump Boost II), minecraft:potion, 373, 8235, ./mcImages/potion potion_leaping.png
Potion of Harming (Instant Damage II), minecraft:potion, 373, 8236, ./mcImages/potion potion_harming.png
Potion of Water Breathing (3:00), minecraft:potion, 373, 8237, ./mcImages/potion potion_water_breathing.png
Potion of Invisibility (3:00), minecraft:potion, 373, 8238, ./mcImages/potion potion_invisibility.png
Potion of Regeneration (1:30), minecraft:potion, 373, 8257, ./mcImages/potion potion_regeneration.png
Potion of Swiftness (8:00 - Speed), minecraft:potion, 373, 8258, ./mcImages/potion potion_swiftness.png
Potion of Fire Resistance (8:00), minecraft:potion, 373, 8259, ./mcImages/potion potion_fire_resistance.png
Potion of Poison (2:00), minecraft:potion, 373, 8260, ./mcImages/potion potion_poison.png
Potion of Healing (Instant Health), minecraft:potion, 373, 8261, ./mcImages/potion potion_healing.png
Potion of Night Vision (8:00), minecraft:potion, 373, 8262, ./mcImages/potion potion_night_vision.png
Potion of Weakness (4:00), minecraft:potion, 373, 8264, ./mcImages/potion potion_weakness.png
Potion of Strength (8:00), minecraft:potion, 373, 8265, ./mcImages/potion potion_strength.png
Potion of Slowness (4:00), minecraft:potion, 373, 8266, ./mcImages/potion potion_slowness.png
Potion of Leaping (8:00 - Jump Boost), minecraft:potion, 373, 8267, ./mcImages/potion potion_leaping.png
Potion of Harming (Instant Damage), minecraft:potion, 373, 8268, ./mcImages/potion potion_harming.png
Potion of Water Breathing (8:00), minecraft:potion, 373, 8269, ./mcImages/potion potion_water_breathing.png
Potion of Invisibility (8:00), minecraft:potion, 373, 8270, ./mcImages/potion potion_invisibility.png
Splash Potion of Regeneration (0:45/0:33), minecraft:potion, 373, 16385, ./mcImages/potion splash_potion_regeneration.png
Splash Potion of Swiftness (3:00/2:15 - Speed), minecraft:potion, 373, 16386, ./mcImages/potion splash_potion_swiftness.png
Splash Potion of Poison (0:45/0:33), minecraft:potion, 373, 16388, ./mcImages/potion splash_potion_poison.png
Splash Potion of Strength (3:00/2:15), minecraft:potion, 373, 16393, ./mcImages/potion splash_potion_strength.png
Splash Potion of Leaping (3:00/2:15 - Jump Boost), minecraft:potion, 373, 16395, ./mcImages/potion splash_potion_leaping.png
Splash Potion of Regeneration (0:22/0:16 - Regeneration II), minecraft:potion, 373, 16417, ./mcImages/potion splash_potion_regeneration.png
Splash Potion of Swiftness (1:30/1:07 - Speed II), minecraft:potion, 373, 16418, ./mcImages/potion splash_potion_swiftness.png
Splash Potion of Fire Resistance (3:00/2:15), minecraft:potion, 373, 16419, ./mcImages/potion splash_potion_fire_resistance.png
Splash Potion of Poison (0:22/0:16 - Poison II), minecraft:potion, 373, 16420, ./mcImages/potion splash_potion_poison.png
Splash Potion of Healing (Instant Health II), minecraft:potion, 373, 16421, ./mcImages/potion splash_potion_healing.png
Splash Potion of Night Vision (3:00/2:15), minecraft:potion, 373, 16422, ./mcImages/potion splash_potion_night_vision.png
Splash Potion of Weakness (1:30/1:07), minecraft:potion, 373, 16424, ./mcImages/potion splash_potion_weakness.png
Splash Potion of Strength (1:30/1:07 - Strength II), minecraft:potion, 373, 16425, ./mcImages/potion splash_potion_strength.png
Splash Potion of Slowness (1:30/1:07), minecraft:potion, 373, 16426, ./mcImages/potion splash_potion_slowness.png
Splash Potion of Leaping (1:30/1:07 - Jump Boost II), minecraft:potion, 373, 16427, ./mcImages/potion splash_potion_leaping.png
Splash Potion of Harming (Instant Damage II), minecraft:potion, 373, 16428, ./mcImages/potion splash_potion_harming.png
Splash Potion of Water Breathing (3:00/2:15), minecraft:potion, 373, 16429, ./mcImages/potion splash_potion_water_breathing.png
Splash Potion of Invisibility (3:00/2:15), minecraft:potion, 373, 16430, ./mcImages/potion splash_potion_invisibility.png
Splash Potion of Regeneration (1:30), minecraft:potion, 373, 16449, ./mcImages/potion splash_potion_regeneration.png
Splash Potion of Swiftness (8:00/6:00 - Speed), minecraft:potion, 373, 16450, ./mcImages/potion splash_potion_swiftness.png
Splash Potion of Fire Resistance (6:00), minecraft:potion, 373, 16451, ./mcImages/potion splash_potion_fire_resistance.png
Splash Potion of Poison (1:30), minecraft:potion, 373, 16452, ./mcImages/potion splash_potion_poison.png
Splash Potion of Healing (Instant Health), minecraft:potion, 373, 16453, ./mcImages/potion splash_potion_healing.png
Splash Potion of Night Vision (8:00/6:00), minecraft:potion, 373, 16454, ./mcImages/potion splash_potion_night_vision.png
Splash Potion of Weakness (4:00/3:00), minecraft:potion, 373, 16456, ./mcImages/potion splash_potion_weakness.png
Splash Potion of Strength (8:00/6:00), minecraft:potion, 373, 16457, ./mcImages/potion splash_potion_strength.png
Splash Potion of Slowness (4:00/3:00), minecraft:potion, 373, 16458, ./mcImages/potion splash_potion_slowness.png
Splash Potion of Leaping (8:00/6:00 - Jump Boost), minecraft:potion, 373, 16459, ./mcImages/potion splash_potion_leaping.png
Splash Potion of Harming (Instant Damage), minecraft:potion, 373, 16460, ./mcImages/potion splash_potion_harming.png
Splash Potion of Water Breathing (8:00/6:00), minecraft:potion, 373, 16461, ./mcImages/potion splash_potion_water_breathing.png
Splash Potion of Invisibility (8:00/6:00), minecraft:potion, 373, 16462, ./mcImages/potion splash_potion_invisibility.png
Prismarine, minecraft:prismarine, 168, 0, ./mcImages/prismarine prismarine.png
Prismarine Bricks, minecraft:prismarine, 168, 1, ./mcImages/prismarine prismarine_bricks.png
Dark Prismarine, minecraft:prismarine, 168, 2, ./mcImages/prismarine dark_prismarine.png
Prismarine Crystals, minecraft:prismarine_crystals, 410, 0, ./mcImages/prismarine_crystals prismarine_crystal.png
Prismarine Shard, minecraft:prismarine_shard, 409, 0, ./mcImages/prismarine_shard prismarine_shard.png
Pumpkin, minecraft:pumpkin, 86, 0, ./mcImages/pumpkin pumpkin.png
Pumpkin Pie, minecraft:pumpkin_pie, 400, 0, ./mcImages/pumpkin_pie pumpkin_pie.png
Pumpkin Seeds, minecraft:pumpkin_seeds, 361, 0, ./mcImages/pumpkin_seeds pumpkin_seeds.png
Nether Quartz, minecraft:quartz, 406, 0, ./mcImages/quartz nether_quartz.png
Block of Quartz, minecraft:quartz_block, 155, 0, ./mcImages/quartz_block quartz_block.png
Chiseled Quartz Block, minecraft:quartz_block, 155, 1, ./mcImages/quartz_block chiseled_quartz_block.png
Pillar Quartz Block, minecraft:quartz_block, 155, 2, ./mcImages/quartz_block pillar_quartz_block.png
Nether Quartz Ore, minecraft:quartz_ore, 153, 0, ./mcImages/quartz_ore nether_quartz_ore.png
Quartz Stairs, minecraft:quartz_stairs, 156, 0, ./mcImages/quartz_stairs quartz_stairs.png
Raw Rabbit, minecraft:rabbit, 411, 0, ./mcImages/rabbit raw_rabbit.png
Rabbit's Foot, minecraft:rabbit_foot, 414, 0, ./mcImages/rabbit_foot rabbits_foot.png
Rabbit Hide, minecraft:rabbit_hide, 415, 0, ./mcImages/rabbit_hide rabbit_hide.png
Rabbit Stew, minecraft:rabbit_stew, 413, 0, ./mcImages/rabbit_stew rabbit_stew.png
Rails, minecraft:rail, 66, 0, ./mcImages/rail rails.png
Music Disc (C418 - 11), minecraft:record_11, 2266, 0, ./mcImages/record_11 music_disc_11.png
Music Disc (C418 - 13), minecraft:record_13, 2256, 0, ./mcImages/record_13 music_disc_13.png
Music Disc (C418 - blocks), minecraft:record_blocks, 2258, 0, ./mcImages/record_blocks music_disc_blocks.png
Music Disc (C418 - cat), minecraft:record_cat, 2257, 0, ./mcImages/record_cat music_disc_cat.png
Music Disc (C418 - chirp), minecraft:record_chirp, 2259, 0, ./mcImages/record_chirp music_disc_chirp.png
Music Disc (C418 - far), minecraft:record_far, 2260, 0, ./mcImages/record_far music_disc_far.png
Music Disc (C418 - mall), minecraft:record_mall, 2261, 0, ./mcImages/record_mall music_disc_mall.png
Music Disc (C418 - mellohi), minecraft:record_mellohi, 2262, 0, ./mcImages/record_mellohi music_disc_mellohi.png
Music Disc (C418 - stal), minecraft:record_stal, 2263, 0, ./mcImages/record_stal music_disc_stal.png
Music Disc (C418 - strad), minecraft:record_strad, 2264, 0, ./mcImages/record_strad music_disc_strad.png
Music Disc (C418 - wait), minecraft:record_wait, 2267, 0, ./mcImages/record_wait music_disc_wait.png
Music Disc (C418 - ward), minecraft:record_ward, 2265, 0, ./mcImages/record_ward music_disc_ward.png
Poppy, minecraft:red_flower, 38, 0, ./mcImages/red_flower poppy.png
Blue Orchid, minecraft:red_flower, 38, 1, ./mcImages/red_flower blue_orchid.png
Allium, minecraft:red_flower, 38, 2, ./mcImages/red_flower allium.png
Azure Bluet, minecraft:red_flower, 38, 3, ./mcImages/red_flower azure_bluet.png
Red Tulip, minecraft:red_flower, 38, 4, ./mcImages/red_flower red_tulip.png
Orange Tulip, minecraft:red_flower, 38, 5, ./mcImages/red_flower orange_tulip.png
White Tulip, minecraft:red_flower, 38, 6, ./mcImages/red_flower white_tulip.png
Pink Tulip, minecraft:red_flower, 38, 7, ./mcImages/red_flower pink_tulip.png
Oxeye Daisy, minecraft:red_flower, 38, 8, ./mcImages/red_flower oxeye_daisy.png
Mushroom (red with white spots), minecraft:red_mushroom, 40, 0, ./mcImages/red_mushroom mushroom_red.png
Red Mushroom Block, minecraft:red_mushroom_block, 100, 0, ./mcImages/red_mushroom_block red_mushroom_block.png
Red Sandstone, minecraft:red_sandstone, 179, 0, ./mcImages/red_sandstone red_sandstone.png
Chiseled Red Sandstone, minecraft:red_sandstone, 179, 1, ./mcImages/red_sandstone chiseled_red_sandstone.png
Smooth Red Sandstone, minecraft:red_sandstone, 179, 2, ./mcImages/red_sandstone smooth_red_sandstone.png
Red Sandstone Stairs, minecraft:red_sandstone_stairs, 180, 0, ./mcImages/red_sandstone_stairs red_sandstone_stairs.png
Redstone Dust, minecraft:redstone, 331, 0, ./mcImages/redstone redstone.png
Block of Redstone, minecraft:redstone_block, 152, 0, ./mcImages/redstone_block redstone_block.png
Redstone Lamp, minecraft:redstone_lamp, 123, 0, ./mcImages/redstone_lamp redstone_lamp.png
Redstone Ore, minecraft:redstone_ore, 73, 0, ./mcImages/redstone_ore redstone_ore.png
Redstone Torch, minecraft:redstone_torch, 76, 0, ./mcImages/redstone_torch redstone_torch.png
Sugar Canes, minecraft:reeds, 338, 0, ./mcImages/reeds sugar_canes.png
Redstone Repeater, minecraft:repeater, 356, 0, ./mcImages/repeater redstone_repeater.png
Rotten Flesh, minecraft:rotten_flesh, 367, 0, ./mcImages/rotten_flesh rotten_flesh.png
Saddle, minecraft:saddle, 329, 0, ./mcImages/saddle saddle.png
Sand, minecraft:sand, 12, 0, ./mcImages/sand sand.png
Red Sand, minecraft:sand, 12, 1, ./mcImages/sand red_sand.png
Sandstone, minecraft:sandstone, 24, 0, ./mcImages/sandstone sandstone.png
Chiseled Sandstone, minecraft:sandstone, 24, 1, ./mcImages/sandstone chiseled_sandstone.png
Smooth Sandstone, minecraft:sandstone, 24, 2, ./mcImages/sandstone smooth_sandstone.png
Sandstone Stairs, minecraft:sandstone_stairs, 128, 0, ./mcImages/sandstone_stairs sandstone_stairs.png
Oak Sapling, minecraft:sapling, 6, 0, ./mcImages/sapling oak_sapling.png
Spruce Sapling, minecraft:sapling, 6, 1, ./mcImages/sapling spruce_sapling.png
Birch Sapling, minecraft:sapling, 6, 2, ./mcImages/sapling birch_sapling.png
Jungle Sapling, minecraft:sapling, 6, 3, ./mcImages/sapling jungle_sapling.png
Acacia Sapling, minecraft:sapling, 6, 4, ./mcImages/sapling acacia_sapling.png
Dark Oak Sapling, minecraft:sapling, 6, 5, ./mcImages/sapling dark_oak_sapling.png
Sea Lantern, minecraft:sea_lantern, 169, 0, ./mcImages/sea_lantern sea_lantern.png
Shears, minecraft:shears, 359, 0, ./mcImages/shears shears.png
Oak Sign, minecraft:sign, 323, 0, ./mcImages/sign sign.png
Skeleton Skull, minecraft:skull, 397, 0, ./mcImages/skull skeleton_skull.png
Wither Skeleton Skull, minecraft:skull, 397, 1, ./mcImages/skull wither_skeleton_skull.png
Zombie Head, minecraft:skull, 397, 2, ./mcImages/skull zombie_head.png
Steve Head, minecraft:skull, 397, 3, ./mcImages/skull head.png
Creeper Head, minecraft:skull, 397, 4, ./mcImages/skull creeper_head.png
Slime Block, minecraft:slime, 165, 0, ./mcImages/slime slime_block.png
Slimeball, minecraft:slime_ball, 341, 0, ./mcImages/slime_ball slimeball.png
Snow Block, minecraft:snow, 80, 0, ./mcImages/snow snow.png
Snow, minecraft:snow_layer, 78, 0, ./mcImages/snow_layer snow.png
Snowball, minecraft:snowball, 332, 0, ./mcImages/snowball snowball.png
Soul Sand, minecraft:soul_sand, 88, 0, ./mcImages/soul_sand soul_sand.png
Creeper Spawn Egg, minecraft:spawn_egg, 383, 50, ./mcImages/spawn_egg spawn_creeper.png
Skeleton Spawn Egg, minecraft:spawn_egg, 383, 51, ./mcImages/spawn_egg spawn_skeleton.png
Spider Spawn Egg, minecraft:spawn_egg, 383, 52, ./mcImages/spawn_egg spawn_spider.png
Zombie Spawn Egg, minecraft:spawn_egg, 383, 54, ./mcImages/spawn_egg spawn_zombie.png
Slime Spawn Egg, minecraft:spawn_egg, 383, 55, ./mcImages/spawn_egg spawn_slime.png
Ghast Spawn Egg, minecraft:spawn_egg, 383, 56, ./mcImages/spawn_egg spawn_ghast.png
Zombified Piglin Spawn Egg, minecraft:spawn_egg, 383, 57, ./mcImages/spawn_egg spawn_zombie_pigman.png
Enderman Spawn Egg, minecraft:spawn_egg, 383, 58, ./mcImages/spawn_egg spawn_enderman.png
Cave Spider Spawn Egg, minecraft:spawn_egg, 383, 59, ./mcImages/spawn_egg spawn_cave_spider.png
Silverfish Spawn Egg, minecraft:spawn_egg, 383, 60, ./mcImages/spawn_egg spawn_silverfish.png
Blaze Spawn Egg, minecraft:spawn_egg, 383, 61, ./mcImages/spawn_egg spawn_blaze.png
Magma Cube Spawn Egg, minecraft:spawn_egg, 383, 62, ./mcImages/spawn_egg spawn_magma_cube.png
Bat Spawn Egg, minecraft:spawn_egg, 383, 65, ./mcImages/spawn_egg spawn_bat.png
Witch Spawn Egg, minecraft:spawn_egg, 383, 66, ./mcImages/spawn_egg spawn_witch.png
Endermite Spawn Egg, minecraft:spawn_egg, 383, 67, ./mcImages/spawn_egg spawn_endermite.png
Guardian Spawn Egg, minecraft:spawn_egg, 383, 68, ./mcImages/spawn_egg spawn_guardian.png
Pig Spawn Egg, minecraft:spawn_egg, 383, 90, ./mcImages/spawn_egg spawn_pig.png
Sheep Spawn Egg, minecraft:spawn_egg, 383, 91, ./mcImages/spawn_egg spawn_sheep.png
Cow Spawn Egg, minecraft:spawn_egg, 383, 92, ./mcImages/spawn_egg spawn_cow.png
Chicken Spawn Egg, minecraft:spawn_egg, 383, 93, ./mcImages/spawn_egg spawn_chicken.png
Squid Spawn Egg, minecraft:spawn_egg, 383, 94, ./mcImages/spawn_egg spawn_squid.png
Wolf Spawn Egg, minecraft:spawn_egg, 383, 95, ./mcImages/spawn_egg spawn_wolf.png
Mooshroom Spawn Egg, minecraft:spawn_egg, 383, 96, ./mcImages/spawn_egg spawn_mooshroom.png
Ocelot Spawn Egg, minecraft:spawn_egg, 383, 98, ./mcImages/spawn_egg spawn_ocelot.png
Horse Spawn Egg, minecraft:spawn_egg, 383, 100, ./mcImages/spawn_egg spawn_horse.png
Rabbit Spawn Egg, minecraft:spawn_egg, 383, 101, ./mcImages/spawn_egg spawn_rabbit.png
Villager Spawn Egg, minecraft:spawn_egg, 383, 120, ./mcImages/spawn_egg spawn_villager.png
Glistering Melon, minecraft:speckled_melon, 382, 0, ./mcImages/speckled_melon glistering_melon.png
Spider Eye, minecraft:spider_eye, 375, 0, ./mcImages/spider_eye spider_eye.png
Sponge, minecraft:sponge, 19, 0, ./mcImages/sponge sponge.png
Wet Sponge, minecraft:sponge, 19, 1, ./mcImages/sponge wet_sponge.png
Spruce Door, minecraft:spruce_door, 427, 0, ./mcImages/spruce_door spruce_door.png
Spruce Fence, minecraft:spruce_fence, 188, 0, ./mcImages/spruce_fence spruce_fence.png
Spruce Fence Gate, minecraft:spruce_fence_gate, 183, 0, ./mcImages/spruce_fence_gate spruce_fence_gate.png
Spruce Wood Stairs, minecraft:spruce_stairs, 134, 0, ./mcImages/spruce_stairs spruce_wood_stairs.png
White Stained Glass, minecraft:stained_glass, 95, 0, ./mcImages/stained_glass white_stained_glass.png
Orange Stained Glass, minecraft:stained_glass, 95, 1, ./mcImages/stained_glass orange_stained_glass.png
Magenta Stained Glass, minecraft:stained_glass, 95, 2, ./mcImages/stained_glass magenta_stained_glass.png
Light Blue Stained Glass, minecraft:stained_glass, 95, 3, ./mcImages/stained_glass light_blue_stained_glass.png
Yellow Stained Glass, minecraft:stained_glass, 95, 4, ./mcImages/stained_glass yellow_stained_glass.png
Lime Stained Glass, minecraft:stained_glass, 95, 5, ./mcImages/stained_glass lime_stained_glass.png
Pink Stained Glass, minecraft:stained_glass, 95, 6, ./mcImages/stained_glass pink_stained_glass.png
Gray Stained Glass, minecraft:stained_glass, 95, 7, ./mcImages/stained_glass gray_stained_glass.png
Light Gray Stained Glass, minecraft:stained_glass, 95, 8, ./mcImages/stained_glass light_gray_stained_glass.png
Cyan Stained Glass, minecraft:stained_glass, 95, 9, ./mcImages/stained_glass cyan_stained_glass.png
Purple Stained Glass, minecraft:stained_glass, 95, 10, ./mcImages/stained_glass purple_stained_glass.png
Blue Stained Glass, minecraft:stained_glass, 95, 11, ./mcImages/stained_glass blue_stained_glass.png
Brown Stained Glass, minecraft:stained_glass, 95, 12, ./mcImages/stained_glass brown_stained_glass.png
Green Stained Glass, minecraft:stained_glass, 95, 13, ./mcImages/stained_glass green_stained_glass.png
Red Stained Glass, minecraft:stained_glass, 95, 14, ./mcImages/stained_glass red_stained_glass.png
Black Stained Glass, minecraft:stained_glass, 95, 15, ./mcImages/stained_glass black_stained_glass.png
White Stained Glass Pane, minecraft:stained_glass_pane, 160, 0, ./mcImages/stained_glass_pane white_stained_glass_pane.png
Orange Stained Glass Pane, minecraft:stained_glass_pane, 160, 1, ./mcImages/stained_glass_pane orange_stained_glass_pane.png
Magenta Stained Glass Pane, minecraft:stained_glass_pane, 160, 2, ./mcImages/stained_glass_pane magenta_stained_glass_pane.png
Light Blue Stained Glass Pane, minecraft:stained_glass_pane, 160, 3, ./mcImages/stained_glass_pane light_blue_stained_glass_pane.png
Yellow Stained Glass Pane, minecraft:stained_glass_pane, 160, 4, ./mcImages/stained_glass_pane yellow_stained_glass_pane.png
Lime Stained Glass Pane, minecraft:stained_glass_pane, 160, 5, ./mcImages/stained_glass_pane lime_stained_glass_pane.png
Pink Stained Glass Pane, minecraft:stained_glass_pane, 160, 6, ./mcImages/stained_glass_pane pink_stained_glass_pane.png
Gray Stained Glass Pane, minecraft:stained_glass_pane, 160, 7, ./mcImages/stained_glass_pane gray_stained_glass_pane.png
Light Gray Stained Glass Pane, minecraft:stained_glass_pane, 160, 8, ./mcImages/stained_glass_pane light_gray_stained_glass_pane.png
Cyan Stained Glass Pane, minecraft:stained_glass_pane, 160, 9, ./mcImages/stained_glass_pane cyan_stained_glass_pane.png
Purple Stained Glass Pane, minecraft:stained_glass_pane, 160, 10, ./mcImages/stained_glass_pane purple_stained_glass_pane.png
Blue Stained Glass Pane, minecraft:stained_glass_pane, 160, 11, ./mcImages/stained_glass_pane blue_stained_glass_pane.png
Brown Stained Glass Pane, minecraft:stained_glass_pane, 160, 12, ./mcImages/stained_glass_pane brown_stained_glass_pane.png
Green Stained Glass Pane, minecraft:stained_glass_pane, 160, 13, ./mcImages/stained_glass_pane green_stained_glass_pane.png
Red Stained Glass Pane, minecraft:stained_glass_pane, 160, 14, ./mcImages/stained_glass_pane red_stained_glass_pane.png
Black Stained Glass Pane, minecraft:stained_glass_pane, 160, 15, ./mcImages/stained_glass_pane black_stained_glass_pane.png
White Terracotta, minecraft:stained_hardened_clay, 159, 0, ./mcImages/stained_hardened_clay white_stained_clay.png
Orange Terracotta, minecraft:stained_hardened_clay, 159, 1, ./mcImages/stained_hardened_clay orange_stained_clay.png
Magenta Terracotta, minecraft:stained_hardened_clay, 159, 2, ./mcImages/stained_hardened_clay magenta_stained_clay.png
Light Blue Terracotta, minecraft:stained_hardened_clay, 159, 3, ./mcImages/stained_hardened_clay light_blue_stained_clay.png
Yellow Terracotta, minecraft:stained_hardened_clay, 159, 4, ./mcImages/stained_hardened_clay yellow_stained_clay.png
Lime Terracotta, minecraft:stained_hardened_clay, 159, 5, ./mcImages/stained_hardened_clay lime_stained_clay.png
Pink Terracotta, minecraft:stained_hardened_clay, 159, 6, ./mcImages/stained_hardened_clay pink_stained_clay.png
Gray Terracotta, minecraft:stained_hardened_clay, 159, 7, ./mcImages/stained_hardened_clay gray_stained_clay.png
Light Gray Terracotta, minecraft:stained_hardened_clay, 159, 8, ./mcImages/stained_hardened_clay light_gray_stained_clay.png
Cyan Terracotta, minecraft:stained_hardened_clay, 159, 9, ./mcImages/stained_hardened_clay cyan_stained_clay.png
Purple Terracotta, minecraft:stained_hardened_clay, 159, 10, ./mcImages/stained_hardened_clay purple_stained_clay.png
Blue Terracotta, minecraft:stained_hardened_clay, 159, 11, ./mcImages/stained_hardened_clay blue_stained_clay.png
Brown Terracotta, minecraft:stained_hardened_clay, 159, 12, ./mcImages/stained_hardened_clay brown_stained_clay.png
Green Terracotta, minecraft:stained_hardened_clay, 159, 13, ./mcImages/stained_hardened_clay green_stained_clay.png
Red Terracotta, minecraft:stained_hardened_clay, 159, 14, ./mcImages/stained_hardened_clay red_stained_clay.png
Black Terracotta, minecraft:stained_hardened_clay, 159, 15, ./mcImages/stained_hardened_clay black_stained_clay.png
Stick, minecraft:stick, 280, 0, ./mcImages/stick stick.png
Sticky Piston, minecraft:sticky_piston, 29, 0, ./mcImages/sticky_piston sticky_piston.png
Stone, minecraft:stone, 1, 0, ./mcImages/stone stone.png
Granite, minecraft:stone, 1, 1, ./mcImages/stone granite.png
Polished Granite, minecraft:stone, 1, 2, ./mcImages/stone polished_granite.png
Diorite, minecraft:stone, 1, 3, ./mcImages/stone diorite.png
Polished Diorite, minecraft:stone, 1, 4, ./mcImages/stone polished_diorite.png
Andesite, minecraft:stone, 1, 5, ./mcImages/stone andesite.png
Polished Andesite, minecraft:stone, 1, 6, ./mcImages/stone polished_andesite.png
Stone Axe, minecraft:stone_axe, 275, 0, ./mcImages/stone_axe stone_axe.png
Stone Brick Stairs, minecraft:stone_brick_stairs, 109, 0, ./mcImages/stone_brick_stairs stone_brick_stairs.png
Stone Button, minecraft:stone_button, 77, 0, ./mcImages/stone_button button_stone.png
Stone Hoe, minecraft:stone_hoe, 291, 0, ./mcImages/stone_hoe stone_hoe.png
Stone Pickaxe, minecraft:stone_pickaxe, 274, 0, ./mcImages/stone_pickaxe stone_pickaxe.png
Stone Pressure Plate, minecraft:stone_pressure_plate, 70, 0, ./mcImages/stone_pressure_plate stone_pressure_plate.png
Stone Shovel, minecraft:stone_shovel, 273, 0, ./mcImages/stone_shovel stone_shovel.png
Stone Slab, minecraft:stone_slab, 44, 0, ./mcImages/stone_slab stone_slab.png
Sandstone Slab, minecraft:stone_slab, 44, 1, ./mcImages/stone_slab sandstone_slab.png
Cobblestone Slab, minecraft:stone_slab, 44, 3, ./mcImages/stone_slab cobblestone_slab.png
Brick Slab, minecraft:stone_slab, 44, 4, ./mcImages/stone_slab bricks_slab.png
Stone Brick Slab, minecraft:stone_slab, 44, 5, ./mcImages/stone_slab stone_bricks_slab.png
Nether Brick Slab, minecraft:stone_slab, 44, 6, ./mcImages/stone_slab nether_brick_slab.png
Quartz Slab, minecraft:stone_slab, 44, 7, ./mcImages/stone_slab quartz_slab.png
Red Sandstone Slab, minecraft:stone_slab2, 182, 0, ./mcImages/stone_slab2 red_sandstone_slab.png
Cobblestone Stairs, minecraft:stone_stairs, 67, 0, ./mcImages/stone_stairs cobblestone_stairs.png
Stone Sword, minecraft:stone_sword, 272, 0, ./mcImages/stone_sword stone_sword.png
Stone Bricks, minecraft:stonebrick, 98, 0, ./mcImages/stonebrick stone_bricks.png
Mossy Stone Bricks, minecraft:stonebrick, 98, 1, ./mcImages/stonebrick mossy_stone_bricks.png
Cracked Stone Bricks, minecraft:stonebrick, 98, 2, ./mcImages/stonebrick cracked_stone_bricks.png
Chiseled Stone Bricks, minecraft:stonebrick, 98, 3, ./mcImages/stonebrick chiseled_stone_bricks.png
String, minecraft:string, 287, 0, ./mcImages/string string.png
Sugar, minecraft:sugar, 353, 0, ./mcImages/sugar sugar.png
Grass, minecraft:tallgrass, 31, 1, ./mcImages/tallgrass grass.png
Fern, minecraft:tallgrass, 31, 2, ./mcImages/tallgrass fern.png
TNT, minecraft:tnt, 46, 0, ./mcImages/tnt tnt.png
Minecart with TNT, minecraft:tnt_minecart, 407, 0, ./mcImages/tnt_minecart minecart_with_tnt.png
Torch, minecraft:torch, 50, 0, ./mcImages/torch torch.png
Oak Trapdoor, minecraft:trapdoor, 96, 0, ./mcImages/trapdoor trapdoor.png
Trapped Chest, minecraft:trapped_chest, 146, 0, ./mcImages/trapped_chest trapped_chest.png
Tripwire Hook, minecraft:tripwire_hook, 131, 0, ./mcImages/tripwire_hook tripwire_hook.png
Vines, minecraft:vine, 106, 0, ./mcImages/vine vines.png
Water Bucket, minecraft:water_bucket, 326, 0, ./mcImages/water_bucket water_bucket.png
Lily Pad, minecraft:waterlily, 111, 0, ./mcImages/waterlily lily_pad.png
Cobweb, minecraft:web, 30, 0, ./mcImages/web cobweb.png
Wheat, minecraft:wheat, 296, 0, ./mcImages/wheat wheat.png
Seeds, minecraft:wheat_seeds, 295, 0, ./mcImages/wheat_seeds seeds.png
Wooden Axe, minecraft:wooden_axe, 271, 0, ./mcImages/wooden_axe wooden_axe.png
Oak Button, minecraft:wooden_button, 143, 0, ./mcImages/wooden_button button.png
Oak Door, minecraft:wooden_door, 324, 0, ./mcImages/wooden_door oak_door.png
Wooden Hoe, minecraft:wooden_hoe, 290, 0, ./mcImages/wooden_hoe wooden_hoe.png
Wooden Pickaxe, minecraft:wooden_pickaxe, 270, 0, ./mcImages/wooden_pickaxe wooden_pickaxe.png
Oak Pressure Plate, minecraft:wooden_pressure_plate, 72, 0, ./mcImages/wooden_pressure_plate wooden_pressure_plate.png
Wooden Shovel, minecraft:wooden_shovel, 269, 0, ./mcImages/wooden_shovel wooden_shovel.png
Oak Wood Slab, minecraft:wooden_slab, 126, 0, ./mcImages/wooden_slab oak_wood_slab.png
Spruce Wood Slab, minecraft:wooden_slab, 126, 1, ./mcImages/wooden_slab spruce_wood_slab.png
Birch Wood Slab, minecraft:wooden_slab, 126, 2, ./mcImages/wooden_slab birch_wood_slab.png
Jungle Wood Slab, minecraft:wooden_slab, 126, 3, ./mcImages/wooden_slab jungle_wood_slab.png
Acacia Wood Slab, minecraft:wooden_slab, 126, 4, ./mcImages/wooden_slab acacia_wood_slab.png
Dark Oak Wood Slab, minecraft:wooden_slab, 126, 5, ./mcImages/wooden_slab dark_oak_wood_slab.png
Wooden Sword, minecraft:wooden_sword, 268, 0, ./mcImages/wooden_sword wooden_sword.png
White Wool, minecraft:wool, 35, 0, ./mcImages/wool wool.png
Orange Wool, minecraft:wool, 35, 1, ./mcImages/wool orange_wool.png
Magenta Wool, minecraft:wool, 35, 2, ./mcImages/wool magenta_wool.png
Light Blue Wool, minecraft:wool, 35, 3, ./mcImages/wool light_blue_wool.png
Yellow Wool, minecraft:wool, 35, 4, ./mcImages/wool yellow_wool.png
Lime Wool, minecraft:wool, 35, 5, ./mcImages/wool lime_wool.png
Pink Wool, minecraft:wool, 35, 6, ./mcImages/wool pink_wool.png
Gray Wool, minecraft:wool, 35, 7, ./mcImages/wool gray_wool.png
Light Gray Wool, minecraft:wool, 35, 8, ./mcImages/wool light_gray_wool.png
Cyan Wool, minecraft:wool, 35, 9, ./mcImages/wool cyan_wool.png
Purple Wool, minecraft:wool, 35, 10, ./mcImages/wool purple_wool.png
Blue Wool, minecraft:wool, 35, 11, ./mcImages/wool blue_wool.png
Brown Wool, minecraft:wool, 35, 12, ./mcImages/wool brown_wool.png
Green Wool, minecraft:wool, 35, 13, ./mcImages/wool green_wool.png
Red Wool, minecraft:wool, 35, 14, ./mcImages/wool red_wool.png
Black Wool, minecraft:wool, 35, 15, ./mcImages/wool black_wool.png
Book and Quill, minecraft:writable_book, 386, 0, ./mcImages/writable_book book_quill.png
Written Book, minecraft:written_book, 387, 0, ./mcImages/written_book written_book.png
Dandelion, minecraft:yellow_flower, 37, 0, ./mcImages/yellow_flower dandelion.png
